{"steamLoads_u1": [13.16, 13.69, 13.49, 11.51, 13.34, 13.43, 12.77, 13.78, 14.12, 12.55, 12.36, 12.28, 13.08, 12.41, 13.27, 14.89, 14.9, 14.63, 14.99, 14.37, 14.69, 14.87, 12.54, 10.89], "elecLoads_u1": [5773.0, 8625.0, 8105.0, 8165.0, 7414.0, 6884.0, 6240.0, 5910.0, 8426.0, 6641.0, 6114.0, 5349.0, 6040.0, 5979.0, 6490.0, 7239.0, 9740.0, 9222.0, 8786.0, 9702.0, 6091.0, 9470.0, 9607.0, 7122.0], "index": [0.1, 0.1, 0.1, 0.1, 0.1, 0.1, 0.1, 0.1, 0.1, 0.1, 0.1, 0.1, 0.1, 0.1, 0.1, 0.1, 0.1, 0.1, 0.1, 0.1, 0.1, 0.1, 0.1, 0.1], "chp01_eE_out": [4015.460475, 4015.460475, 4015.460475, 0.0, 0.0, 0.0, 0.0, 0.0, 0.0, 4015.460475, 4015.460475, 4015.460475, 4015.460475, 4015.460475, 4015.460475, 4015.460475, 4015.460475, 4015.460475, 4015.460475, 4015.460475, 4015.460475, 4015.460475, 0.0, 0.0], "chp01_eE_out__stg01_eE_in": [4015.460475, 4015.460475, 4015.460475, 0.0, 0.0, 0.0, 0.0, 0.0, 0.0, 0.0, 1140.3825749999996, 0.0, 0.0, 0.0, 0.0, 0.0, 0.0, 0.0, 0.0, 0.0, 0.0, 0.0, 0.0, 0.0], "chp01_eE_out__u1_eE_in": [0.0, 0.0, 0.0, 0.0, 0.0, 0.0, 0.0, 0.0, 0.0, 4015.460475, 2875.0779, 4015.460475, 4015.460475, 4015.460475, 4015.460475, 4015.460475, 4015.460475, 4015.460475, 4015.460475, 4015.460475, 4015.460475, 4015.460475, 0.0, 0.0], "chp01_flag": [1.0, 1.0, 1.0, 0.0, 0.0, 0.0, 0.0, 0.0, 0.0, 1.0, 1.0, 1.0, 1.0, 1.0, 1.0, 1.0, 1.0, 1.0, 1.0, 1.0, 1.0, 1.0, 0.0, 0.0], "chp01_gE_in": [1031.210707, 1031.210707, 1031.210707, 0.0, 0.0, 0.0, 0.0, 0.0, 0.0, 1031.210707, 1031.210707, 1031.210707, 1031.210707, 1031.210707, 1031.210707, 1031.210707, 1031.210707, 1031.210707, 1031.210707, 1031.210707, 1031.210707, 1031.210707, 0.0, 0.0], "chp01_hESt_out": [2.7692830862068964, 2.7692830862068964, 2.7692830862068964, 0.0, 0.0, 0.0, 0.0, 0.0, 0.0, 2.7692830862068964, 2.7692830862068964, 2.7692830862068964, 2.7692830862068964, 2.7692830862068964, 2.7692830862068964, 2.7692830862068964, 2.7692830862068964, 2.7692830862068964, 2.7692830862068964, 2.7692830862068964, 2.7692830862068964, 2.7692830862068964, 0.0, 0.0], "chp01_hESt_out__u1_hESt_in": [2.7692830862068964, 2.7692830862068964, 2.7692830862068964, 0.0, 0.0, 0.0, 0.0, 0.0, 0.0, 2.7692830862068964, 2.7692830862068964, 2.7692830862068964, 2.7692830862068964, 2.7692830862068964, 2.7692830862068964, 2.7692830862068964, 2.7692830862068964, 2.7692830862068964, 2.7692830862068964, 2.7692830862068964, 2.7692830862068964, 2.7692830862068964, 0.0, 0.0], "chp01_sDnflag": [0.0, 0.0, 0.0, 1.0, 0.0, 0.0, 0.0, 0.0, 0.0, 0.0, 0.0, 0.0, 0.0, 0.0, 0.0, 0.0, 0.0, 0.0, 0.0, 0.0, 0.0, 0.0, 1.0, 0.0], "chp01_sUpflag": [0.0, 0.0, 0.0, 0.0, 0.0, 0.0, 0.0, 0.0, 0.0, 1.0, 0.0, 0.0, 0.0, 0.0, 0.0, 0.0, 0.0, 0.0, 0.0, 0.0, 0.0, 0.0, 0.0, 0.0], "chp01_wA_in": [0.0, 0.0, 0.0, 0.0, 0.0, 0.0, 0.0, 0.0, 0.0, 0.0, 0.0, 0.0, 0.0, 0.0, 0.0, 0.0, 0.0, 0.0, 0.0, 0.0, 0.0, 0.0, 0.0, 0.0], "chp02_eE_out": [0.0, 0.0, 0.0, 0.0, 0.0, 0.0, 0.0, 0.0, 0.0, 0.0, 0.0, 0.0, 1801.8, 1801.8, 1801.8, 1801.8, 1801.8, 1801.8, 1801.8, 1801.8, 1801.8, 1801.8, 0.0, 0.0], "chp02_eE_out__stg01_eE_in": [0.0, 0.0, 0.0, 0.0, 0.0, 0.0, 0.0, 0.0, 0.0, 0.0, 0.0, 0.0, 0.0, 0.0, 0.0, 0.0, 0.0, 0.0, 0.0, 0.0, 0.0, 0.0, 0.0, 0.0], "chp02_eE_out__u1_eE_in": [0.0, 0.0, 0.0, 0.0, 0.0, 0.0, 0.0, 0.0, 0.0, 0.0, 0.0, 0.0, 1801.8, 1801.8, 1801.8, 1801.8, 1801.8, 1801.8, 1801.8, 1801.8, 1801.8, 1801.8, 0.0, 0.0], "chp02_flag": [0.0, 0.0, 0.0, 0.0, 0.0, 0.0, 0.0, 0.0, 0.0, 0.0, 0.0, 0.0, 1.0, 1.0, 1.0, 1.0, 1.0, 1.0, 1.0, 1.0, 1.0, 1.0, 0.0, 0.0], "chp02_gE_in": [0.0, 0.0, 0.0, 0.0, 0.0, 0.0, 0.0, 0.0, 0.0, 0.0, 0.0, 0.0, 477.9310345, 477.9310345, 477.9310345, 477.9310345, 477.9310345, 477.9310345, 477.9310345, 477.9310345, 477.9310345, 477.9310345, 0.0, 0.0], "chp02_hESt_out": [0.0, 0.0, 0.0, 0.0, 0.0, 0.0, 0.0, 0.0, 0.0, 0.0, 0.0, 0.0, 0.9736933120055338, 0.9736933120055338, 0.9736933120055338, 0.9736933120055338, 0.9736933120055338, 0.9736933120055338, 0.9736933120055338, 0.9736933120055338, 0.9736933120055338, 0.9736933120055338, 0.0, 0.0], "chp02_hESt_out__u1_hESt_in": [0.0, 0.0, 0.0, 0.0, 0.0, 0.0, 0.0, 0.0, 0.0, 0.0, 0.0, 0.0, 0.9736933120055338, 0.9736933120055338, 0.9736933120055338, 0.9736933120055338, 0.9736933120055338, 0.9736933120055338, 0.9736933120055338, 0.9736933120055338, 0.9736933120055338, 0.9736933120055338, 0.0, 0.0], "chp02_sDnflag": [1.0, 0.0, 0.0, 0.0, 0.0, 0.0, 0.0, 0.0, 0.0, 0.0, 0.0, 0.0, 0.0, 0.0, 0.0, 0.0, 0.0, 0.0, 0.0, 0.0, 0.0, 0.0, 1.0, 0.0], "chp02_sUpflag": [0.0, 0.0, 0.0, 0.0, 0.0, 0.0, 0.0, 0.0, 0.0, 0.0, 0.0, 0.0, 1.0, 0.0, 0.0, 0.0, 0.0, 0.0, 0.0, 0.0, 0.0, 0.0, 0.0, 0.0], "chp02_wA_in": [0.0, 0.0, 0.0, 0.0, 0.0, 0.0, 0.0, 0.0, 0.0, 0.0, 0.0, 0.0, 0.0, 0.0, 0.0, 0.0, 0.0, 0.0, 0.0, 0.0, 0.0, 0.0, 0.0, 0.0], "gsb01_flag": [0.0, 0.0, 0.0, 0.0, 0.0, 0.0, 0.0, 0.0, 0.0, 0.0, 0.0, 0.0, 0.0, 0.0, 0.0, 0.0, 0.0, 0.0, 0.0, 0.0, 0.0, 0.0, 0.0, 0.0], "gsb01_gE_in": [0.0, 0.0, 0.0, 0.0, 0.0, 0.0, 0.0, 0.0, 0.0, 0.0, 0.0, 0.0, 0.0, 0.0, 0.0, 0.0, 0.0, 0.0, 0.0, 0.0, 0.0, 0.0, 0.0, 0.0], "gsb01_hESt_out": [0.0, 0.0, 0.0, 0.0, 0.0, 0.0, 0.0, 0.0, 0.0, 0.0, 0.0, 0.0, 0.0, 0.0, 0.0, 0.0, 0.0, 0.0, 0.0, 0.0, 0.0, 0.0, 0.0, 0.0], "gsb01_hESt_out__u1_hESt_in": [0.0, 0.0, 0.0, 0.0, 0.0, 0.0, 0.0, 0.0, 0.0, 0.0, 0.0, 0.0, 0.0, 0.0, 0.0, 0.0, 0.0, 0.0, 0.0, 0.0, 0.0, 0.0, 0.0, 0.0], "gsb01_sDnflag": [0.0, 0.0, 0.0, 0.0, 0.0, 0.0, 0.0, 0.0, 0.0, 0.0, 0.0, 0.0, 0.0, 0.0, 0.0, 0.0, 0.0, 0.0, 0.0, 0.0, 0.0, 0.0, 0.0, 0.0], "gsb01_sUpflag": [0.0, 0.0, 0.0, 0.0, 0.0, 0.0, 0.0, 0.0, 0.0, 0.0, 0.0, 0.0, 0.0, 0.0, 0.0, 0.0, 0.0, 0.0, 0.0, 0.0, 0.0, 0.0, 0.0, 0.0], "gsb01_wA_in": [0.0, 0.0, 0.0, 0.0, 0.0, 0.0, 0.0, 0.0, 0.0, 0.0, 0.0, 0.0, 0.0, 0.0, 0.0, 0.0, 0.0, 0.0, 0.0, 0.0, 0.0, 0.0, 0.0, 0.0], "gsb02_flag": [1.0, 1.0, 1.0, 1.0, 1.0, 1.0, 1.0, 1.0, 1.0, 1.0, 1.0, 1.0, 1.0, 1.0, 1.0, 1.0, 1.0, 1.0, 1.0, 0.9999999999999989, 0.9999999999999989, 0.9999999999999989, 0.9999999999999989, 1.0], "gsb02_gE_in": [569.1056911, 631.581012133878, 252.1008403, 285.54551528, 587.4329350840001, 517.4171963919999, 645.1612903, 466.761114476, 645.1612903, 544.5250784970499, 529.8917109423296, 523.6822763503296, 271.4354191399371, 413.2231405, 452.6748971, 255.9366673199372, 256.7523910999372, 252.1008403, 264.0939051199372, 609.3344245892946, 633.5736827652946, 645.1612902999993, 645.1612902999993, 252.1008403], "gsb02_hESt_out": [7.0, 7.8207169137931025, 3.0, 3.41, 7.24, 6.33, 8.0, 5.68, 8.0, 6.680716913793106, 6.490716913793103, 6.410716913793103, 3.2370236017875698, 5.0, 5.5, 3.0470236017875707, 3.0570236017875705, 3.0, 3.1470236017875703, 7.527023601787569, 7.847023601787569, 7.999999999999991, 7.999999999999991, 3.0], "gsb02_hESt_out__u1_hESt_in": [7.0, 7.8207169137931025, 3.0, 3.41, 7.24, 6.33, 8.0, 5.68, 8.0, 6.680716913793106, 6.490716913793103, 6.410716913793103, 3.2370236017875698, 5.0, 5.5, 3.0470236017875707, 3.0570236017875705, 3.0, 3.1470236017875703, 7.527023601787569, 7.847023601787569, 7.999999999999991, 7.999999999999991, 3.0], "gsb02_sDnflag": [0.0, 0.0, 0.0, 0.0, 0.0, 0.0, 0.0, 0.0, 0.0, 0.0, 0.0, 0.0, 0.0, 0.0, 0.0, 0.0, 0.0, 0.0, 0.0, 0.0, 0.0, 0.0, 0.0, 0.0], "gsb02_sUpflag": [0.0, 0.0, 0.0, 0.0, 0.0, 0.0, 0.0, 0.0, 0.0, 0.0, 0.0, 0.0, 0.0, 0.0, 0.0, 0.0, 0.0, 0.0, 0.0, 0.0, 0.0, 0.0, 0.0, 0.0], "gsb02_wA_in": [0.0, 0.0, 0.0, 0.0, 0.0, 0.0, 0.0, 0.0, 0.0, 0.0, 0.0, 0.0, 0.0, 0.0, 0.0, 0.0, 0.0, 0.0, 0.0, 0.0, 0.0, 0.0, 0.0, 0.0], "gsb03_flag": [1.0, 1.0, 1.0, 1.0, 1.0, 1.0, 1.0, 1.0000000000000004, 1.0, 0.9999999999999993, 1.0, 1.0, 1.0, 1.0, 1.0, 1.0, 1.0, 1.0, 1.0, 1.0, 1.0, 1.0, 1.0, 1.0000000000000009], "gsb03_gE_in": [275.81531028292454, 252.1008403, 616.4314757738781, 645.1612903, 491.8032787, 569.1056911, 386.968896814, 645.1612903000004, 493.35563734799996, 252.10084029999982, 252.1008403, 252.1008403, 491.8032787, 298.30874324615013, 327.43008212615007, 645.1612903, 645.1612903, 629.0288218572948, 645.1612903, 252.1008403, 252.1008403, 254.30521975993778, 368.63070538800065, 629.2542771220001],